{"v":"5.3.4","fr":48,"ip":0,"op":88,"w":1932,"h":884,"nm":"Moon404","ddd":0,"assets":[{"id":"comp_0","layers":[{"ddd":0,"ind":1,"ty":4,"nm":"Слой 4","sr":1,"ks":{"o":{"a":0,"k":100,"ix":11},"r":{"a":0,"k":0,"ix":10},"p":{"a":0,"k":[990,512,0],"ix":2},"a":{"a":0,"k":[0,0,0],"ix":1},"s":{"a":0,"k":[100,100,100],"ix":6}},"ao":0,"shapes":[{"ty":"gr","it":[{"ind":0,"ty":"sh","ix":1,"ks":{"a":0,"k":{"i":[[67.551,34.514],[-11.306,31.064],[-251.106,-91.395],[17.654,-48.505],[135.178,31.675]],"o":[[-120.321,-61.476],[17.654,-48.505],[251.105,91.395],[-11.496,31.584],[-72.42,-16.97]],"v":[[-272.094,-15.258],[-454.667,-165.485],[31.966,-87.825],[454.667,165.485],[211.604,161.669]],"c":false},"ix":2},"nm":"Path 1","mn":"ADBE Vector Shape - Group","hd":false},{"ty":"st","c":{"a":0,"k":[0,0,0,1],"ix":3},"o":{"a":0,"k":100,"ix":4},"w":{"a":1,"k":[{"i":{"x":[0.346],"y":[1.011]},"o":{"x":[0.333],"y":[0]},"n":["0p346_1p011_0p333_0"],"t":221,"s":[5],"e":[30]},{"i":{"x":[0.289],"y":[0.99]},"o":{"x":[0.333],"y":[0.005]},"n":["0p289_0p99_0p333_0p005"],"t":288,"s":[30],"e":[5]},{"t":344}],"ix":5},"lc":2,"lj":2,"nm":"Stroke 1","mn":"ADBE Vector Graphic - Stroke","hd":false},{"ty":"tr","p":{"a":0,"k":[0,0],"ix":2},"a":{"a":0,"k":[0,0],"ix":1},"s":{"a":0,"k":[100,100],"ix":3},"r":{"a":0,"k":0,"ix":6},"o":{"a":0,"k":100,"ix":7},"sk":{"a":0,"k":0,"ix":4},"sa":{"a":0,"k":0,"ix":5},"nm":"Transform"}],"nm":"Group 1","np":2,"cix":2,"ix":1,"mn":"ADBE Vector Group","hd":false},{"ty":"tm","s":{"a":1,"k":[{"i":{"x":[0.833],"y":[1]},"o":{"x":[0.333],"y":[0]},"n":["0p833_1_0p333_0"],"t":176,"s":[2],"e":[99.5]},{"t":388}],"ix":1},"e":{"a":1,"k":[{"i":{"x":[0.352],"y":[0.963]},"o":{"x":[0.337],"y":[0]},"n":["0p352_0p963_0p337_0"],"t":237,"s":[2],"e":[99.5]},{"t":388}],"ix":2},"o":{"a":0,"k":0,"ix":3},"m":1,"ix":2,"nm":"Trim Paths 1","mn":"ADBE Vector Filter - Trim","hd":false}],"ip":176,"op":511,"st":176,"bm":0},{"ddd":0,"ind":2,"ty":4,"nm":"Слой 3","sr":1,"ks":{"o":{"a":0,"k":100,"ix":11},"r":{"a":0,"k":0,"ix":10},"p":{"a":0,"k":[990,512,0],"ix":2},"a":{"a":0,"k":[0,0,0],"ix":1},"s":{"a":0,"k":[100,100,100],"ix":6}},"ao":0,"shapes":[{"ty":"gr","it":[{"ind":0,"ty":"sh","ix":1,"ks":{"a":0,"k":{"i":[[67.551,34.514],[-11.306,31.064],[-251.106,-91.395],[17.654,-48.505],[135.178,31.675]],"o":[[-120.321,-61.476],[17.654,-48.505],[251.105,91.395],[-11.496,31.584],[-72.42,-16.97]],"v":[[-272.094,-15.258],[-454.667,-165.485],[31.966,-87.825],[454.667,165.485],[211.604,161.669]],"c":false},"ix":2},"nm":"Path 1","mn":"ADBE Vector Shape - Group","hd":false},{"ty":"st","c":{"a":0,"k":[0,0,0,1],"ix":3},"o":{"a":0,"k":100,"ix":4},"w":{"a":1,"k":[{"i":{"x":[0.346],"y":[1.011]},"o":{"x":[0.333],"y":[0]},"n":["0p346_1p011_0p333_0"],"t":132,"s":[5],"e":[30]},{"i":{"x":[0.289],"y":[0.99]},"o":{"x":[0.333],"y":[0.005]},"n":["0p289_0p99_0p333_0p005"],"t":199,"s":[30],"e":[5]},{"t":255}],"ix":5},"lc":2,"lj":2,"nm":"Stroke 1","mn":"ADBE Vector Graphic - Stroke","hd":false},{"ty":"tr","p":{"a":0,"k":[0,0],"ix":2},"a":{"a":0,"k":[0,0],"ix":1},"s":{"a":0,"k":[100,100],"ix":3},"r":{"a":0,"k":0,"ix":6},"o":{"a":0,"k":100,"ix":7},"sk":{"a":0,"k":0,"ix":4},"sa":{"a":0,"k":0,"ix":5},"nm":"Transform"}],"nm":"Group 1","np":2,"cix":2,"ix":1,"mn":"ADBE Vector Group","hd":false},{"ty":"tm","s":{"a":1,"k":[{"i":{"x":[0],"y":[1]},"o":{"x":[0.333],"y":[0]},"n":["0_1_0p333_0"],"t":87,"s":[2],"e":[99.5]},{"t":299}],"ix":1},"e":{"a":1,"k":[{"i":{"x":[0.352],"y":[0.963]},"o":{"x":[0.337],"y":[0]},"n":["0p352_0p963_0p337_0"],"t":148,"s":[2],"e":[99.5]},{"t":299}],"ix":2},"o":{"a":0,"k":0,"ix":3},"m":1,"ix":2,"nm":"Trim Paths 1","mn":"ADBE Vector Filter - Trim","hd":false}],"ip":87,"op":422,"st":87,"bm":0},{"ddd":0,"ind":3,"ty":4,"nm":"Слой 2","sr":1,"ks":{"o":{"a":0,"k":100,"ix":11},"r":{"a":0,"k":0,"ix":10},"p":{"a":0,"k":[990,512,0],"ix":2},"a":{"a":0,"k":[0,0,0],"ix":1},"s":{"a":0,"k":[100,100,100],"ix":6}},"ao":0,"shapes":[{"ty":"gr","it":[{"ind":0,"ty":"sh","ix":1,"ks":{"a":0,"k":{"i":[[67.551,34.514],[-11.306,31.064],[-251.106,-91.395],[17.654,-48.505],[135.178,31.675]],"o":[[-120.321,-61.476],[17.654,-48.505],[251.105,91.395],[-11.496,31.584],[-72.42,-16.97]],"v":[[-272.094,-15.258],[-454.667,-165.485],[31.966,-87.825],[454.667,165.485],[211.604,161.669]],"c":false},"ix":2},"nm":"Path 1","mn":"ADBE Vector Shape - Group","hd":false},{"ty":"st","c":{"a":0,"k":[0,0,0,1],"ix":3},"o":{"a":0,"k":100,"ix":4},"w":{"a":1,"k":[{"i":{"x":[0.346],"y":[1.011]},"o":{"x":[0.333],"y":[0]},"n":["0p346_1p011_0p333_0"],"t":45,"s":[5],"e":[30]},{"i":{"x":[0.289],"y":[0.99]},"o":{"x":[0.333],"y":[0.005]},"n":["0p289_0p99_0p333_0p005"],"t":112,"s":[30],"e":[5]},{"t":168}],"ix":5},"lc":2,"lj":2,"nm":"Stroke 1","mn":"ADBE Vector Graphic - Stroke","hd":false},{"ty":"tr","p":{"a":0,"k":[0,0],"ix":2},"a":{"a":0,"k":[0,0],"ix":1},"s":{"a":0,"k":[100,100],"ix":3},"r":{"a":0,"k":0,"ix":6},"o":{"a":0,"k":100,"ix":7},"sk":{"a":0,"k":0,"ix":4},"sa":{"a":0,"k":0,"ix":5},"nm":"Transform"}],"nm":"Group 1","np":2,"cix":2,"ix":1,"mn":"ADBE Vector Group","hd":false},{"ty":"tm","s":{"a":1,"k":[{"i":{"x":[0],"y":[1]},"o":{"x":[0.333],"y":[0]},"n":["0_1_0p333_0"],"t":0,"s":[2],"e":[99.5]},{"t":212}],"ix":1},"e":{"a":1,"k":[{"i":{"x":[0.352],"y":[0.963]},"o":{"x":[0.337],"y":[0]},"n":["0p352_0p963_0p337_0"],"t":61,"s":[2],"e":[99.5]},{"t":212}],"ix":2},"o":{"a":0,"k":0,"ix":3},"m":1,"ix":2,"nm":"Trim Paths 1","mn":"ADBE Vector Filter - Trim","hd":false}],"ip":0,"op":335,"st":0,"bm":0}]},{"id":"comp_1","layers":[{"ddd":0,"ind":1,"ty":4,"nm":"Слой 4","sr":1,"ks":{"o":{"a":0,"k":100,"ix":11},"r":{"a":0,"k":0,"ix":10},"p":{"a":0,"k":[990,512,0],"ix":2},"a":{"a":0,"k":[0,0,0],"ix":1},"s":{"a":0,"k":[100,100,100],"ix":6}},"ao":0,"shapes":[{"ty":"gr","it":[{"ind":0,"ty":"sh","ix":1,"ks":{"a":0,"k":{"i":[[67.551,34.514],[-11.306,31.064],[-251.106,-91.395],[17.654,-48.505],[135.178,31.675]],"o":[[-120.321,-61.476],[17.654,-48.505],[251.105,91.395],[-11.496,31.584],[-72.42,-16.97]],"v":[[-272.094,-15.258],[-454.667,-165.485],[31.966,-87.825],[454.667,165.485],[211.604,161.669]],"c":false},"ix":2},"nm":"Path 1","mn":"ADBE Vector Shape - Group","hd":false},{"ty":"st","c":{"a":0,"k":[0,0,0,1],"ix":3},"o":{"a":0,"k":100,"ix":4},"w":{"a":1,"k":[{"i":{"x":[0.673],"y":[1.04]},"o":{"x":[0.333],"y":[0]},"n":["0p673_1p04_0p333_0"],"t":221,"s":[10],"e":[40]},{"i":{"x":[0.29],"y":[0.993]},"o":{"x":[0.32],"y":[0.028]},"n":["0p29_0p993_0p32_0p028"],"t":288,"s":[40],"e":[5]},{"t":344}],"ix":5},"lc":2,"lj":2,"nm":"Stroke 1","mn":"ADBE Vector Graphic - Stroke","hd":false},{"ty":"tr","p":{"a":0,"k":[0,0],"ix":2},"a":{"a":0,"k":[0,0],"ix":1},"s":{"a":0,"k":[100,100],"ix":3},"r":{"a":0,"k":0,"ix":6},"o":{"a":0,"k":100,"ix":7},"sk":{"a":0,"k":0,"ix":4},"sa":{"a":0,"k":0,"ix":5},"nm":"Transform"}],"nm":"Group 1","np":2,"cix":2,"ix":1,"mn":"ADBE Vector Group","hd":false},{"ty":"tm","s":{"a":1,"k":[{"i":{"x":[0.833],"y":[1]},"o":{"x":[0.333],"y":[0]},"n":["0p833_1_0p333_0"],"t":176,"s":[2],"e":[99.5]},{"t":388}],"ix":1},"e":{"a":1,"k":[{"i":{"x":[0.352],"y":[0.963]},"o":{"x":[0.337],"y":[0]},"n":["0p352_0p963_0p337_0"],"t":237,"s":[2],"e":[99.5]},{"t":388}],"ix":2},"o":{"a":0,"k":0,"ix":3},"m":1,"ix":2,"nm":"Trim Paths 1","mn":"ADBE Vector Filter - Trim","hd":false}],"ip":176,"op":511,"st":176,"bm":0},{"ddd":0,"ind":2,"ty":4,"nm":"Слой 3","sr":1,"ks":{"o":{"a":0,"k":100,"ix":11},"r":{"a":0,"k":0,"ix":10},"p":{"a":0,"k":[990,512,0],"ix":2},"a":{"a":0,"k":[0,0,0],"ix":1},"s":{"a":0,"k":[100,100,100],"ix":6}},"ao":0,"shapes":[{"ty":"gr","it":[{"ind":0,"ty":"sh","ix":1,"ks":{"a":0,"k":{"i":[[67.551,34.514],[-11.306,31.064],[-251.106,-91.395],[17.654,-48.505],[135.178,31.675]],"o":[[-120.321,-61.476],[17.654,-48.505],[251.105,91.395],[-11.496,31.584],[-72.42,-16.97]],"v":[[-272.094,-15.258],[-454.667,-165.485],[31.966,-87.825],[454.667,165.485],[211.604,161.669]],"c":false},"ix":2},"nm":"Path 1","mn":"ADBE Vector Shape - Group","hd":false},{"ty":"st","c":{"a":0,"k":[0,0,0,1],"ix":3},"o":{"a":0,"k":100,"ix":4},"w":{"a":1,"k":[{"i":{"x":[0.346],"y":[1.009]},"o":{"x":[0.167],"y":[0]},"n":["0p346_1p009_0p167_0"],"t":130,"s":[10],"e":[40]},{"i":{"x":[0.289],"y":[0.992]},"o":{"x":[0.333],"y":[0.004]},"n":["0p289_0p992_0p333_0p004"],"t":199,"s":[40],"e":[10]},{"t":255}],"ix":5},"lc":2,"lj":2,"nm":"Stroke 1","mn":"ADBE Vector Graphic - Stroke","hd":false},{"ty":"tr","p":{"a":0,"k":[0,0],"ix":2},"a":{"a":0,"k":[0,0],"ix":1},"s":{"a":0,"k":[100,100],"ix":3},"r":{"a":0,"k":0,"ix":6},"o":{"a":0,"k":100,"ix":7},"sk":{"a":0,"k":0,"ix":4},"sa":{"a":0,"k":0,"ix":5},"nm":"Transform"}],"nm":"Group 1","np":2,"cix":2,"ix":1,"mn":"ADBE Vector Group","hd":false},{"ty":"tm","s":{"a":1,"k":[{"i":{"x":[0],"y":[1]},"o":{"x":[0.333],"y":[0]},"n":["0_1_0p333_0"],"t":87,"s":[2],"e":[99.5]},{"t":299}],"ix":1},"e":{"a":1,"k":[{"i":{"x":[0.352],"y":[0.963]},"o":{"x":[0.337],"y":[0]},"n":["0p352_0p963_0p337_0"],"t":148,"s":[2],"e":[99.5]},{"t":299}],"ix":2},"o":{"a":0,"k":0,"ix":3},"m":1,"ix":2,"nm":"Trim Paths 1","mn":"ADBE Vector Filter - Trim","hd":false}],"ip":87,"op":422,"st":87,"bm":0},{"ddd":0,"ind":3,"ty":4,"nm":"Слой 2","sr":1,"ks":{"o":{"a":0,"k":100,"ix":11},"r":{"a":0,"k":0,"ix":10},"p":{"a":0,"k":[990,512,0],"ix":2},"a":{"a":0,"k":[0,0,0],"ix":1},"s":{"a":0,"k":[100,100,100],"ix":6}},"ao":0,"shapes":[{"ty":"gr","it":[{"ind":0,"ty":"sh","ix":1,"ks":{"a":0,"k":{"i":[[67.551,34.514],[-11.306,31.064],[-251.106,-91.395],[17.654,-48.505],[135.178,31.675]],"o":[[-120.321,-61.476],[17.654,-48.505],[251.105,91.395],[-11.496,31.584],[-72.42,-16.97]],"v":[[-272.094,-15.258],[-454.667,-165.485],[31.966,-87.825],[454.667,165.485],[211.604,161.669]],"c":false},"ix":2},"nm":"Path 1","mn":"ADBE Vector Shape - Group","hd":false},{"ty":"st","c":{"a":0,"k":[0,0,0,1],"ix":3},"o":{"a":0,"k":100,"ix":4},"w":{"a":1,"k":[{"i":{"x":[0.346],"y":[1.009]},"o":{"x":[0.333],"y":[0]},"n":["0p346_1p009_0p333_0"],"t":45,"s":[10],"e":[40]},{"i":{"x":[0.289],"y":[0.993]},"o":{"x":[0.333],"y":[0.003]},"n":["0p289_0p993_0p333_0p003"],"t":112,"s":[40],"e":[5]},{"t":168}],"ix":5},"lc":2,"lj":2,"nm":"Stroke 1","mn":"ADBE Vector Graphic - Stroke","hd":false},{"ty":"tr","p":{"a":0,"k":[0,0],"ix":2},"a":{"a":0,"k":[0,0],"ix":1},"s":{"a":0,"k":[100,100],"ix":3},"r":{"a":0,"k":0,"ix":6},"o":{"a":0,"k":100,"ix":7},"sk":{"a":0,"k":0,"ix":4},"sa":{"a":0,"k":0,"ix":5},"nm":"Transform"}],"nm":"Group 1","np":2,"cix":2,"ix":1,"mn":"ADBE Vector Group","hd":false},{"ty":"tm","s":{"a":1,"k":[{"i":{"x":[0],"y":[1]},"o":{"x":[0.333],"y":[0]},"n":["0_1_0p333_0"],"t":0,"s":[2],"e":[99.5]},{"t":212}],"ix":1},"e":{"a":1,"k":[{"i":{"x":[0.352],"y":[0.963]},"o":{"x":[0.337],"y":[0]},"n":["0p352_0p963_0p337_0"],"t":61,"s":[2],"e":[99.5]},{"t":212}],"ix":2},"o":{"a":0,"k":0,"ix":3},"m":1,"ix":2,"nm":"Trim Paths 1","mn":"ADBE Vector Filter - Trim","hd":false}],"ip":0,"op":335,"st":0,"bm":0}]}],"layers":[{"ddd":0,"ind":1,"ty":4,"nm":"Слой 6","sr":1,"ks":{"o":{"a":0,"k":100,"ix":11},"r":{"a":0,"k":0,"ix":10},"p":{"a":0,"k":[668.693,788.151,0],"ix":2},"a":{"a":0,"k":[78.693,396.151,0],"ix":1},"s":{"a":0,"k":[100,100,100],"ix":6}},"ao":0,"shapes":[{"ty":"gr","it":[{"ind":0,"ty":"sh","ix":1,"ks":{"a":1,"k":[{"i":{"x":0.833,"y":0.833},"o":{"x":0.167,"y":0.167},"n":"0p833_0p833_0p167_0p167","t":1,"s":[{"i":[[-7.73,-2.061],[0,0],[0,0],[1.546,-7.73],[0,0],[0,0],[8.245,1.546],[0,0],[0,0],[-2.061,7.73],[0,0],[0,0]],"o":[[0,0],[0,0],[-7.73,1.546],[0,0],[0,0],[-1.546,-7.73],[0,0],[0,0],[7.73,-1.546],[0,0],[0,0],[2.061,7.215]],"v":[[108.583,383.525],[168.877,397.439],[107.037,410.323],[91.577,425.783],[77.662,486.077],[63.233,422.691],[47.258,407.231],[-11.491,394.863],[48.288,383.525],[64.264,368.58],[79.724,306.225],[92.607,368.065]],"c":true}],"e":[{"i":[[-6.546,-1.746],[0,0],[0,0],[1.309,-6.546],[0,0],[0,0],[6.982,1.309],[0,0],[0,0],[-1.746,6.546],[0,0],[0,0]],"o":[[0,0],[0,0],[-6.546,1.309],[0,0],[0,0],[-1.309,-6.546],[0,0],[0,0],[6.546,-1.309],[0,0],[0,0],[1.746,6.11]],"v":[[104.004,385.459],[155.062,397.242],[102.695,408.152],[89.603,421.244],[77.82,472.302],[65.601,418.625],[52.073,405.533],[2.324,395.06],[52.946,385.459],[66.474,372.804],[79.566,320],[90.476,372.367]],"c":true}]},{"i":{"x":0.833,"y":0.833},"o":{"x":0.167,"y":0.167},"n":"0p833_0p833_0p167_0p167","t":41,"s":[{"i":[[-6.546,-1.746],[0,0],[0,0],[1.309,-6.546],[0,0],[0,0],[6.982,1.309],[0,0],[0,0],[-1.746,6.546],[0,0],[0,0]],"o":[[0,0],[0,0],[-6.546,1.309],[0,0],[0,0],[-1.309,-6.546],[0,0],[0,0],[6.546,-1.309],[0,0],[0,0],[1.746,6.11]],"v":[[104.004,385.459],[155.062,397.242],[102.695,408.152],[89.603,421.244],[77.82,472.302],[65.601,418.625],[52.073,405.533],[2.324,395.06],[52.946,385.459],[66.474,372.804],[79.566,320],[90.476,372.367]],"c":true}],"e":[{"i":[[-7.73,-2.061],[0,0],[0,0],[1.546,-7.73],[0,0],[0,0],[8.245,1.546],[0,0],[0,0],[-2.061,7.73],[0,0],[0,0]],"o":[[0,0],[0,0],[-7.73,1.546],[0,0],[0,0],[-1.546,-7.73],[0,0],[0,0],[7.73,-1.546],[0,0],[0,0],[2.061,7.215]],"v":[[108.583,383.525],[168.877,397.439],[107.037,410.323],[91.577,425.783],[77.662,486.077],[63.233,422.691],[47.258,407.231],[-11.491,394.863],[48.288,383.525],[64.264,368.58],[79.724,306.225],[92.607,368.065]],"c":true}]},{"t":86}],"ix":2},"nm":"Path 1","mn":"ADBE Vector Shape - Group","hd":false},{"ty":"st","c":{"a":0,"k":[0,0,0,1],"ix":3},"o":{"a":0,"k":100,"ix":4},"w":{"a":0,"k":1,"ix":5},"lc":1,"lj":1,"ml":10,"ml2":{"a":0,"k":10,"ix":8},"nm":"Stroke 1","mn":"ADBE Vector Graphic - Stroke","hd":false},{"ty":"fl","c":{"a":0,"k":[0,0,0,1],"ix":4},"o":{"a":0,"k":100,"ix":5},"r":1,"nm":"Fill 1","mn":"ADBE Vector Graphic - Fill","hd":false},{"ty":"tr","p":{"a":0,"k":[0,0],"ix":2},"a":{"a":0,"k":[0,0],"ix":1},"s":{"a":0,"k":[100,100],"ix":3},"r":{"a":0,"k":0,"ix":6},"o":{"a":0,"k":100,"ix":7},"sk":{"a":0,"k":0,"ix":4},"sa":{"a":0,"k":0,"ix":5},"nm":"Transform"}],"nm":"Group 1","np":3,"cix":2,"ix":1,"mn":"ADBE Vector Group","hd":false}],"ip":0,"op":88,"st":-103,"bm":0},{"ddd":0,"ind":2,"ty":4,"nm":"Слой 5","sr":1,"ks":{"o":{"a":0,"k":100,"ix":11},"r":{"a":0,"k":0,"ix":10},"p":{"a":0,"k":[1343.324,280.195,0],"ix":2},"a":{"a":0,"k":[313.324,-355.805,0],"ix":1},"s":{"a":0,"k":[100,100,100],"ix":6}},"ao":0,"shapes":[{"ty":"gr","it":[{"ind":0,"ty":"sh","ix":1,"ks":{"a":1,"k":[{"i":{"x":0.833,"y":0.833},"o":{"x":0.167,"y":0.167},"n":"0p833_0p833_0p167_0p167","t":1,"s":[{"i":[[-3.607,-1.031],[0,0],[0,0],[1.031,-3.607],[0,0],[0,0],[3.607,1.031],[0,0],[0,0],[-1.031,3.092],[0,0],[0,0]],"o":[[0,0],[0,0],[-3.607,0.515],[0,0],[0,0],[-1.031,-3.607],[0,0],[0,0],[3.607,-0.515],[0,0],[0,0],[0.515,2.577]],"v":[[326.723,-362.247],[354.551,-356.063],[326.207,-349.879],[318.993,-342.664],[312.809,-314.836],[306.109,-343.695],[298.895,-350.909],[272.097,-356.578],[299.41,-361.732],[306.625,-368.431],[313.839,-396.774],[320.023,-368.431]],"c":true}],"e":[{"i":[[-2.509,-0.717],[0,0],[0,0],[0.717,-2.509],[0,0],[0,0],[2.509,0.717],[0,0],[0,0],[-0.717,2.151],[0,0],[0,0]],"o":[[0,0],[0,0],[-2.509,0.358],[0,0],[0,0],[-0.717,-2.509],[0,0],[0,0],[2.509,-0.358],[0,0],[0,0],[0.359,1.792]],"v":[[322.644,-360.286],[342,-355.984],[322.285,-351.683],[317.267,-346.665],[312.966,-327.308],[308.306,-347.382],[303.287,-352.4],[284.648,-356.343],[303.646,-359.927],[308.664,-364.587],[313.682,-384.302],[317.984,-364.587]],"c":true}]},{"i":{"x":0.833,"y":0.833},"o":{"x":0.167,"y":0.167},"n":"0p833_0p833_0p167_0p167","t":41,"s":[{"i":[[-2.509,-0.717],[0,0],[0,0],[0.717,-2.509],[0,0],[0,0],[2.509,0.717],[0,0],[0,0],[-0.717,2.151],[0,0],[0,0]],"o":[[0,0],[0,0],[-2.509,0.358],[0,0],[0,0],[-0.717,-2.509],[0,0],[0,0],[2.509,-0.358],[0,0],[0,0],[0.359,1.792]],"v":[[322.644,-360.286],[342,-355.984],[322.285,-351.683],[317.267,-346.665],[312.966,-327.308],[308.306,-347.382],[303.287,-352.4],[284.648,-356.343],[303.646,-359.927],[308.664,-364.587],[313.682,-384.302],[317.984,-364.587]],"c":true}],"e":[{"i":[[-3.607,-1.031],[0,0],[0,0],[1.031,-3.607],[0,0],[0,0],[3.607,1.031],[0,0],[0,0],[-1.031,3.092],[0,0],[0,0]],"o":[[0,0],[0,0],[-3.607,0.515],[0,0],[0,0],[-1.031,-3.607],[0,0],[0,0],[3.607,-0.515],[0,0],[0,0],[0.515,2.577]],"v":[[326.723,-362.247],[354.551,-356.063],[326.207,-349.879],[318.993,-342.664],[312.809,-314.836],[306.109,-343.695],[298.895,-350.909],[272.097,-356.578],[299.41,-361.732],[306.625,-368.431],[313.839,-396.774],[320.023,-368.431]],"c":true}]},{"t":87}],"ix":2},"nm":"Path 1","mn":"ADBE Vector Shape - Group","hd":false},{"ty":"st","c":{"a":0,"k":[0,0,0,1],"ix":3},"o":{"a":0,"k":100,"ix":4},"w":{"a":0,"k":1,"ix":5},"lc":1,"lj":1,"ml":10,"ml2":{"a":0,"k":10,"ix":8},"nm":"Stroke 1","mn":"ADBE Vector Graphic - Stroke","hd":false},{"ty":"fl","c":{"a":0,"k":[0,0,0,1],"ix":4},"o":{"a":0,"k":100,"ix":5},"r":1,"nm":"Fill 1","mn":"ADBE Vector Graphic - Fill","hd":false},{"ty":"tr","p":{"a":0,"k":[0,0],"ix":2},"a":{"a":0,"k":[0,0],"ix":1},"s":{"a":0,"k":[100,100],"ix":3},"r":{"a":0,"k":0,"ix":6},"o":{"a":0,"k":100,"ix":7},"sk":{"a":0,"k":0,"ix":4},"sa":{"a":0,"k":0,"ix":5},"nm":"Transform"}],"nm":"Group 1","np":3,"cix":2,"ix":1,"mn":"ADBE Vector Group","hd":false}],"ip":0,"op":88,"st":-103,"bm":0},{"ddd":0,"ind":3,"ty":4,"nm":"Слой 4","sr":1,"ks":{"o":{"a":0,"k":100,"ix":11},"r":{"a":0,"k":0,"ix":10},"p":{"a":0,"k":[816.497,88.195,0],"ix":2},"a":{"a":0,"k":[-129.503,-355.805,0],"ix":1},"s":{"a":0,"k":[100,100,100],"ix":6}},"ao":0,"shapes":[{"ty":"gr","it":[{"ind":0,"ty":"sh","ix":1,"ks":{"a":1,"k":[{"i":{"x":0.833,"y":0.833},"o":{"x":0.167,"y":0.167},"n":"0p833_0p833_0p167_0p167","t":1,"s":[{"i":[[-6.184,-1.546],[0,0],[0,0],[1.031,-6.699],[0,0],[0,0],[6.699,1.546],[0,0],[0,0],[-1.546,6.699],[0,0],[0,0]],"o":[[0,0],[0,0],[-6.699,1.546],[0,0],[0,0],[-1.546,-6.699],[0,0],[0,0],[6.699,-1.031],[0,0],[0,0],[1.031,7.215]],"v":[[-105.024,-365.854],[-54.521,-354.517],[-106.055,-343.695],[-118.938,-330.811],[-130.275,-280.308],[-142.128,-333.388],[-155.527,-346.271],[-204.484,-356.578],[-154.496,-366.37],[-141.098,-379.253],[-128.214,-431.302],[-117.392,-379.768]],"c":true}],"e":[{"i":[[-4.603,-1.151],[0,0],[0,0],[0.767,-4.987],[0,0],[0,0],[4.987,1.151],[0,0],[0,0],[-1.151,4.987],[0,0],[0,0]],"o":[[0,0],[0,0],[-4.987,1.151],[0,0],[0,0],[-1.151,-4.987],[0,0],[0,0],[4.987,-0.767],[0,0],[0,0],[0.767,5.37]],"v":[[-111.282,-363.285],[-73.691,-354.846],[-112.05,-346.791],[-121.639,-337.201],[-130.078,-299.61],[-138.9,-339.119],[-148.873,-348.709],[-185.314,-356.381],[-148.106,-363.669],[-138.133,-373.258],[-128.544,-412],[-120.488,-373.642]],"c":true}]},{"i":{"x":0.833,"y":0.833},"o":{"x":0.167,"y":0.167},"n":"0p833_0p833_0p167_0p167","t":41,"s":[{"i":[[-4.603,-1.151],[0,0],[0,0],[0.767,-4.987],[0,0],[0,0],[4.987,1.151],[0,0],[0,0],[-1.151,4.987],[0,0],[0,0]],"o":[[0,0],[0,0],[-4.987,1.151],[0,0],[0,0],[-1.151,-4.987],[0,0],[0,0],[4.987,-0.767],[0,0],[0,0],[0.767,5.37]],"v":[[-111.282,-363.285],[-73.691,-354.846],[-112.05,-346.791],[-121.639,-337.201],[-130.078,-299.61],[-138.9,-339.119],[-148.873,-348.709],[-185.314,-356.381],[-148.106,-363.669],[-138.133,-373.258],[-128.544,-412],[-120.488,-373.642]],"c":true}],"e":[{"i":[[-6.184,-1.546],[0,0],[0,0],[1.031,-6.699],[0,0],[0,0],[6.699,1.546],[0,0],[0,0],[-1.546,6.699],[0,0],[0,0]],"o":[[0,0],[0,0],[-6.699,1.546],[0,0],[0,0],[-1.546,-6.699],[0,0],[0,0],[6.699,-1.031],[0,0],[0,0],[1.031,7.215]],"v":[[-105.024,-365.854],[-54.521,-354.517],[-106.055,-343.695],[-118.938,-330.811],[-130.275,-280.308],[-142.128,-333.388],[-155.527,-346.271],[-204.484,-356.578],[-154.496,-366.37],[-141.098,-379.253],[-128.214,-431.302],[-117.392,-379.768]],"c":true}]},{"t":86}],"ix":2},"nm":"Path 1","mn":"ADBE Vector Shape - Group","hd":false},{"ty":"st","c":{"a":0,"k":[0,0,0,1],"ix":3},"o":{"a":0,"k":100,"ix":4},"w":{"a":0,"k":1,"ix":5},"lc":1,"lj":1,"ml":10,"ml2":{"a":0,"k":10,"ix":8},"nm":"Stroke 1","mn":"ADBE Vector Graphic - Stroke","hd":false},{"ty":"fl","c":{"a":0,"k":[0,0,0,1],"ix":4},"o":{"a":0,"k":100,"ix":5},"r":1,"nm":"Fill 1","mn":"ADBE Vector Graphic - Fill","hd":false},{"ty":"tr","p":{"a":0,"k":[0,0],"ix":2},"a":{"a":0,"k":[0,0],"ix":1},"s":{"a":0,"k":[100,100],"ix":3},"r":{"a":0,"k":0,"ix":6},"o":{"a":0,"k":100,"ix":7},"sk":{"a":0,"k":0,"ix":4},"sa":{"a":0,"k":0,"ix":5},"nm":"Transform"}],"nm":"Group 1","np":3,"cix":2,"ix":1,"mn":"ADBE Vector Group","hd":false}],"ip":0,"op":88,"st":-103,"bm":0},{"ddd":0,"ind":4,"ty":4,"nm":"Слой 3","sr":1,"ks":{"o":{"a":0,"k":100,"ix":11},"r":{"a":0,"k":0,"ix":10},"p":{"a":1,"k":[{"i":{"x":0.833,"y":0.799},"o":{"x":0.167,"y":0.18},"n":"0p833_0p799_0p167_0p18","t":1,"s":[1723.151,411.325,0],"e":[1715.713,417.95,0],"to":[5.02083349227905,5.72916650772095,0],"ti":[3.65113997459412,4.74115371704102,0]},{"i":{"x":0.833,"y":0.86},"o":{"x":0.167,"y":0.13},"n":"0p833_0p86_0p167_0p13","t":54,"s":[1715.713,417.95,0],"e":[1723.151,411.325,0],"to":[-3.70667219161987,-4.8132643699646,0],"ti":[-4.15744256973267,-4.55338716506958,0]},{"t":86}],"ix":2},"a":{"a":0,"k":[761.151,-64.675,0],"ix":1},"s":{"a":0,"k":[100,100,100],"ix":6}},"ao":0,"shapes":[{"ty":"gr","it":[{"ind":0,"ty":"sh","ix":1,"ks":{"a":0,"k":{"i":[[0,0],[0,0]],"o":[[0,0],[0,0]],"v":[[841.543,-113.374],[841.543,270.551]],"c":false},"ix":2},"nm":"Path 1","mn":"ADBE Vector Shape - Group","hd":false},{"ty":"st","c":{"a":0,"k":[0,0,0,1],"ix":3},"o":{"a":0,"k":100,"ix":4},"w":{"a":0,"k":30,"ix":5},"lc":2,"lj":2,"nm":"Stroke 1","mn":"ADBE Vector Graphic - Stroke","hd":false},{"ty":"tr","p":{"a":0,"k":[0,0],"ix":2},"a":{"a":0,"k":[0,0],"ix":1},"s":{"a":0,"k":[100,100],"ix":3},"r":{"a":0,"k":0,"ix":6},"o":{"a":0,"k":100,"ix":7},"sk":{"a":0,"k":0,"ix":4},"sa":{"a":0,"k":0,"ix":5},"nm":"Transform"}],"nm":"Group 1","np":2,"cix":2,"ix":1,"mn":"ADBE Vector Group","hd":false},{"ty":"gr","it":[{"ind":0,"ty":"sh","ix":1,"ks":{"a":0,"k":{"i":[[0,0],[0,0],[0,0]],"o":[[0,0],[0,0],[0,0]],"v":[[950.794,105.128],[571.507,103.067],[797.224,-399.9]],"c":false},"ix":2},"nm":"Path 1","mn":"ADBE Vector Shape - Group","hd":false},{"ty":"st","c":{"a":0,"k":[0,0,0,1],"ix":3},"o":{"a":0,"k":100,"ix":4},"w":{"a":0,"k":30,"ix":5},"lc":2,"lj":2,"nm":"Stroke 1","mn":"ADBE Vector Graphic - Stroke","hd":false},{"ty":"tr","p":{"a":0,"k":[0,0],"ix":2},"a":{"a":0,"k":[0,0],"ix":1},"s":{"a":0,"k":[100,100],"ix":3},"r":{"a":0,"k":0,"ix":6},"o":{"a":0,"k":100,"ix":7},"sk":{"a":0,"k":0,"ix":4},"sa":{"a":0,"k":0,"ix":5},"nm":"Transform"}],"nm":"Group 2","np":2,"cix":2,"ix":2,"mn":"ADBE Vector Group","hd":false}],"ip":0,"op":88,"st":-103,"bm":0},{"ddd":0,"ind":5,"ty":4,"nm":"Слой 2","sr":1,"ks":{"o":{"a":0,"k":100,"ix":11},"r":{"a":0,"k":0,"ix":10},"p":{"a":1,"k":[{"i":{"x":0.833,"y":0.859},"o":{"x":0.167,"y":0.142},"n":"0p833_0p859_0p167_0p142","t":1,"s":[209.269,398.515,0],"e":[216.831,392.702,0],"to":[-1.89583337306976,-2.65625,0],"ti":[-2.50372767448425,-3.54571175575256,0]},{"i":{"x":0.833,"y":0.811},"o":{"x":0.167,"y":0.19},"n":"0p833_0p811_0p167_0p19","t":35,"s":[216.831,392.702,0],"e":[209.269,398.515,0],"to":[4.44122791290283,4.60821199417114,0],"ti":[2.04166674613953,2.65625,0]},{"t":86}],"ix":2},"a":{"a":0,"k":[-761.151,-64.675,0],"ix":1},"s":{"a":0,"k":[100,100,100],"ix":6}},"ao":0,"shapes":[{"ty":"gr","it":[{"ind":0,"ty":"sh","ix":1,"ks":{"a":0,"k":{"i":[[0,0],[0,0]],"o":[[0,0],[0,0]],"v":[[-680.758,-113.374],[-680.758,270.551]],"c":false},"ix":2},"nm":"Path 1","mn":"ADBE Vector Shape - Group","hd":false},{"ty":"st","c":{"a":0,"k":[0,0,0,1],"ix":3},"o":{"a":0,"k":100,"ix":4},"w":{"a":0,"k":30,"ix":5},"lc":2,"lj":2,"nm":"Stroke 1","mn":"ADBE Vector Graphic - Stroke","hd":false},{"ty":"tr","p":{"a":0,"k":[0,0],"ix":2},"a":{"a":0,"k":[0,0],"ix":1},"s":{"a":0,"k":[100,100],"ix":3},"r":{"a":0,"k":0,"ix":6},"o":{"a":0,"k":100,"ix":7},"sk":{"a":0,"k":0,"ix":4},"sa":{"a":0,"k":0,"ix":5},"nm":"Transform"}],"nm":"Group 1","np":2,"cix":2,"ix":1,"mn":"ADBE Vector Group","hd":false},{"ty":"gr","it":[{"ind":0,"ty":"sh","ix":1,"ks":{"a":0,"k":{"i":[[0,0],[0,0],[0,0]],"o":[[0,0],[0,0],[0,0]],"v":[[-571.507,105.128],[-950.794,103.067],[-725.077,-399.9]],"c":false},"ix":2},"nm":"Path 1","mn":"ADBE Vector Shape - Group","hd":false},{"ty":"st","c":{"a":0,"k":[0,0,0,1],"ix":3},"o":{"a":0,"k":100,"ix":4},"w":{"a":0,"k":30,"ix":5},"lc":2,"lj":2,"nm":"Stroke 1","mn":"ADBE Vector Graphic - Stroke","hd":false},{"ty":"tr","p":{"a":0,"k":[0,0],"ix":2},"a":{"a":0,"k":[0,0],"ix":1},"s":{"a":0,"k":[100,100],"ix":3},"r":{"a":0,"k":0,"ix":6},"o":{"a":0,"k":100,"ix":7},"sk":{"a":0,"k":0,"ix":4},"sa":{"a":0,"k":0,"ix":5},"nm":"Transform"}],"nm":"Group 2","np":2,"cix":2,"ix":2,"mn":"ADBE Vector Group","hd":false}],"ip":0,"op":88,"st":-103,"bm":0},{"ddd":0,"ind":6,"ty":0,"nm":"line","parent":8,"refId":"comp_0","sr":1,"ks":{"o":{"a":0,"k":100,"ix":11},"r":{"a":0,"k":0,"ix":10},"p":{"a":0,"k":[-5.006,31.606,0],"ix":2},"a":{"a":0,"k":[990,512,0],"ix":1},"s":{"a":0,"k":[100,100,100],"ix":6}},"ao":0,"w":1980,"h":1024,"ip":0,"op":88,"st":-103,"bm":0},{"ddd":0,"ind":7,"ty":0,"nm":"line 3","parent":8,"td":1,"refId":"comp_1","sr":1,"ks":{"o":{"a":0,"k":100,"ix":11},"r":{"a":0,"k":0.447,"ix":10},"p":{"a":0,"k":[-5.006,31.606,0],"ix":2},"a":{"a":0,"k":[990,512,0],"ix":1},"s":{"a":0,"k":[100,100,100],"ix":6}},"ao":0,"w":1980,"h":1024,"ip":0,"op":88,"st":-103,"bm":0},{"ddd":0,"ind":8,"ty":4,"nm":"Слой 1","tt":2,"sr":1,"ks":{"o":{"a":0,"k":100,"ix":11},"r":{"a":1,"k":[{"i":{"x":[0.833],"y":[1]},"o":{"x":[0.167],"y":[0.155]},"n":["0p833_1_0p167_0p155"],"t":1,"s":[-9],"e":[-5]},{"i":{"x":[0.833],"y":[0.833]},"o":{"x":[0.167],"y":[0]},"n":["0p833_0p833_0p167_0"],"t":41,"s":[-5],"e":[-9]},{"t":89}],"ix":10},"p":{"a":1,"k":[{"i":{"x":0.833,"y":0.844},"o":{"x":0.167,"y":0.159},"n":"0p833_0p844_0p167_0p159","t":1,"s":[962,476,0],"e":[956.125,466.813,0],"to":[-2.5625,1.9375,0],"ti":[-5.04691934585571,3.56134223937988,0]},{"i":{"x":0.833,"y":0.826},"o":{"x":0.167,"y":0.178},"n":"0p833_0p826_0p167_0p178","t":41,"s":[956.125,466.813,0],"e":[962,476,0],"to":[4.70812034606934,-3.32226967811584,0],"ti":[3.16695713996887,-2.1245641708374,0]},{"t":87}],"ix":2},"a":{"a":0,"k":[0,0,0],"ix":1},"s":{"a":0,"k":[100,100,100],"ix":6}},"ao":0,"shapes":[{"ty":"gr","it":[{"ind":0,"ty":"sh","ix":1,"ks":{"a":0,"k":{"i":[[-150.275,0],[0,-150.275],[150.275,0],[0,150.275]],"o":[[150.275,0],[0,150.275],[-150.275,0],[0,-150.275]],"v":[[0,-272.097],[272.097,0],[0,272.097],[-272.097,0]],"c":true},"ix":2},"nm":"Path 1","mn":"ADBE Vector Shape - Group","hd":false},{"ty":"st","c":{"a":0,"k":[0,0,0,1],"ix":3},"o":{"a":0,"k":100,"ix":4},"w":{"a":0,"k":1,"ix":5},"lc":1,"lj":1,"ml":10,"ml2":{"a":0,"k":10,"ix":8},"nm":"Stroke 1","mn":"ADBE Vector Graphic - Stroke","hd":false},{"ty":"fl","c":{"a":0,"k":[0,0,0,1],"ix":4},"o":{"a":0,"k":100,"ix":5},"r":1,"nm":"Fill 1","mn":"ADBE Vector Graphic - Fill","hd":false},{"ty":"tr","p":{"a":0,"k":[0,0],"ix":2},"a":{"a":0,"k":[0,0],"ix":1},"s":{"a":0,"k":[100,100],"ix":3},"r":{"a":0,"k":0,"ix":6},"o":{"a":0,"k":100,"ix":7},"sk":{"a":0,"k":0,"ix":4},"sa":{"a":0,"k":0,"ix":5},"nm":"Transform"}],"nm":"Group 1","np":3,"cix":2,"ix":1,"mn":"ADBE Vector Group","hd":false}],"ip":0,"op":88,"st":-103,"bm":0}],"markers":[]}